{"cameraMode":{"drawMode":0,"name":"Shaded","section":"Shading Mode"},"sceneLighting":true,"audioPlay":false,"sceneViewState":{"m_AlwaysRefresh":false,"showFog":true,"showSkybox":true,"showFlares":true,"showImageEffects":true,"showParticleSystems":true,"showVisualEffectGraphs":true,"m_FxEnabled":true},"in2DMode":false,"pivot":{"x":254.72702026367188,"y":11.635581970214844,"z":71.52566528320313},"rotation":{"x":-0.16891571879386903,"y":0.03015245869755745,"z":-0.005169873591512442,"w":-0.9851570129394531},"size":266.33746337890627,"orthographic":false}